XML,MDFA,Queries,TokenContainer,threads,tokens,matches,loading,chunking,tokenizer,matcher,writeback,total time
/mnt/hostfs/bakadi/arti2G.xml,/mnt/hostfs/bakadi/arti1q2G.mdfa,1,MyVector,240,27621532,54082,1229,24163,930,1125,0,27447
/mnt/hostfs/bakadi/arti2G.xml,/mnt/hostfs/bakadi/arti1q2G.mdfa,1,MyVector,240,27621532,54082,1249,24145,936,1111,0,27441
/mnt/hostfs/bakadi/arti2G.xml,/mnt/hostfs/bakadi/arti1q2G.mdfa,1,MyVector,240,27621532,54082,1199,24171,961,1146,0,27477
/mnt/hostfs/bakadi/arti2G.xml,/mnt/hostfs/bakadi/arti1q2G.mdfa,1,MyVector,240,27621532,54082,1251,24175,972,1129,0,27527
/mnt/hostfs/bakadi/arti2G.xml,/mnt/hostfs/bakadi/arti1q2G.mdfa,1,MyVector,240,27621532,54082,1253,24171,997,1128,0,27549
/mnt/hostfs/bakadi/arti2G.xml,/mnt/hostfs/bakadi/arti1q2G.mdfa,1,MyVector,240,27621532,54082,1208,24166,1011,1121,0,27506
/mnt/hostfs/bakadi/arti2G.xml,/mnt/hostfs/bakadi/arti1q2G.mdfa,1,MyVector,240,27621532,54082,1229,24174,1012,1125,0,27540
/mnt/hostfs/bakadi/arti2G.xml,/mnt/hostfs/bakadi/arti1q2G.mdfa,1,MyVector,240,27621532,54082,1218,24173,1027,1118,0,27536
/mnt/hostfs/bakadi/arti2G.xml,/mnt/hostfs/bakadi/arti1q2G.mdfa,1,MyVector,240,27621532,54082,1189,24217,1029,1121,0,27556
/mnt/hostfs/bakadi/arti2G.xml,/mnt/hostfs/bakadi/arti1q2G.mdfa,1,MyVector,240,27621532,54082,1213,24163,1034,1118,0,27528
/mnt/hostfs/bakadi/arti2G.xml,/mnt/hostfs/bakadi/arti1q2G.mdfa,1,MyVector,240,27621532,54082,1224,24174,1050,1113,0,27561
/mnt/hostfs/bakadi/arti2G.xml,/mnt/hostfs/bakadi/arti1q2G.mdfa,1,MyVector,240,27621532,54082,1231,24152,1059,1110,0,27552
/mnt/hostfs/bakadi/arti2G.xml,/mnt/hostfs/bakadi/arti1q2G.mdfa,1,MyVector,240,27621532,54082,1216,24161,1064,1110,0,27551
/mnt/hostfs/bakadi/arti2G.xml,/mnt/hostfs/bakadi/arti1q2G.mdfa,1,MyVector,240,27621532,54082,1199,24176,1071,1110,0,27556
/mnt/hostfs/bakadi/arti2G.xml,/mnt/hostfs/bakadi/arti1q2G.mdfa,1,MyVector,240,27621532,54082,1221,24179,1103,1110,0,27613
/mnt/hostfs/bakadi/arti2G.xml,/mnt/hostfs/bakadi/arti2q2G.mdfa,2,MyVector,240,27621532,106836,1215,24173,934,1111,0,27433
/mnt/hostfs/bakadi/arti2G.xml,/mnt/hostfs/bakadi/arti2q2G.mdfa,2,MyVector,240,27621532,106836,1244,24178,943,1112,0,27477
/mnt/hostfs/bakadi/arti2G.xml,/mnt/hostfs/bakadi/arti2q2G.mdfa,2,MyVector,240,27621532,106836,1201,24786,951,1132,0,28070
/mnt/hostfs/bakadi/arti2G.xml,/mnt/hostfs/bakadi/arti2q2G.mdfa,2,MyVector,240,27621532,106836,1237,24166,956,1144,0,27503
/mnt/hostfs/bakadi/arti2G.xml,/mnt/hostfs/bakadi/arti2q2G.mdfa,2,MyVector,240,27621532,106836,1248,24142,974,1125,0,27489
/mnt/hostfs/bakadi/arti2G.xml,/mnt/hostfs/bakadi/arti2q2G.mdfa,2,MyVector,240,27621532,106836,1181,24177,981,1139,0,27478
/mnt/hostfs/bakadi/arti2G.xml,/mnt/hostfs/bakadi/arti2q2G.mdfa,2,MyVector,240,27621532,106836,1287,24173,985,1126,0,27571
/mnt/hostfs/bakadi/arti2G.xml,/mnt/hostfs/bakadi/arti2q2G.mdfa,2,MyVector,240,27621532,106836,1219,24172,1027,1122,0,27540
/mnt/hostfs/bakadi/arti2G.xml,/mnt/hostfs/bakadi/arti2q2G.mdfa,2,MyVector,240,27621532,106836,1203,24181,1046,1111,0,27541
/mnt/hostfs/bakadi/arti2G.xml,/mnt/hostfs/bakadi/arti2q2G.mdfa,2,MyVector,240,27621532,106836,1244,24270,1054,1112,0,27680
/mnt/hostfs/bakadi/arti2G.xml,/mnt/hostfs/bakadi/arti2q2G.mdfa,2,MyVector,240,27621532,106836,1202,24171,1059,1126,0,27558
/mnt/hostfs/bakadi/arti2G.xml,/mnt/hostfs/bakadi/arti2q2G.mdfa,2,MyVector,240,27621532,106836,1185,24181,1074,1111,0,27551
/mnt/hostfs/bakadi/arti2G.xml,/mnt/hostfs/bakadi/arti2q2G.mdfa,2,MyVector,240,27621532,106836,1181,24174,1086,1110,0,27551
/mnt/hostfs/bakadi/arti2G.xml,/mnt/hostfs/bakadi/arti2q2G.mdfa,2,MyVector,240,27621532,106836,1203,24178,1091,1111,0,27583
/mnt/hostfs/bakadi/arti2G.xml,/mnt/hostfs/bakadi/arti2q2G.mdfa,2,MyVector,240,27621532,106836,1216,24151,1091,1114,0,27572
/mnt/hostfs/bakadi/arti2G.xml,/mnt/hostfs/bakadi/arti4q2G.mdfa,4,MyVector,240,27621532,215158,1181,24146,939,1111,0,27377
/mnt/hostfs/bakadi/arti2G.xml,/mnt/hostfs/bakadi/arti4q2G.mdfa,4,MyVector,240,27621532,215158,1239,24173,943,1111,0,27466
/mnt/hostfs/bakadi/arti2G.xml,/mnt/hostfs/bakadi/arti4q2G.mdfa,4,MyVector,240,27621532,215158,1230,24184,966,1118,0,27498
/mnt/hostfs/bakadi/arti2G.xml,/mnt/hostfs/bakadi/arti4q2G.mdfa,4,MyVector,240,27621532,215158,1222,24173,976,1130,0,27501
/mnt/hostfs/bakadi/arti2G.xml,/mnt/hostfs/bakadi/arti4q2G.mdfa,4,MyVector,240,27621532,215158,1201,24167,990,1126,0,27484
/mnt/hostfs/bakadi/arti2G.xml,/mnt/hostfs/bakadi/arti4q2G.mdfa,4,MyVector,240,27621532,215158,1200,24178,993,1137,0,27508
/mnt/hostfs/bakadi/arti2G.xml,/mnt/hostfs/bakadi/arti4q2G.mdfa,4,MyVector,240,27621532,215158,1229,24152,1002,1124,0,27507
/mnt/hostfs/bakadi/arti2G.xml,/mnt/hostfs/bakadi/arti4q2G.mdfa,4,MyVector,240,27621532,215158,1225,24179,1008,1132,0,27544
/mnt/hostfs/bakadi/arti2G.xml,/mnt/hostfs/bakadi/arti4q2G.mdfa,4,MyVector,240,27621532,215158,1255,24166,1028,1120,0,27569
/mnt/hostfs/bakadi/arti2G.xml,/mnt/hostfs/bakadi/arti4q2G.mdfa,4,MyVector,240,27621532,215158,1240,24166,1030,1122,0,27558
/mnt/hostfs/bakadi/arti2G.xml,/mnt/hostfs/bakadi/arti4q2G.mdfa,4,MyVector,240,27621532,215158,1219,24173,1052,1112,0,27556
/mnt/hostfs/bakadi/arti2G.xml,/mnt/hostfs/bakadi/arti4q2G.mdfa,4,MyVector,240,27621532,215158,1224,24183,1067,1110,0,27584
/mnt/hostfs/bakadi/arti2G.xml,/mnt/hostfs/bakadi/arti4q2G.mdfa,4,MyVector,240,27621532,215158,1232,24180,1072,1110,0,27594
/mnt/hostfs/bakadi/arti2G.xml,/mnt/hostfs/bakadi/arti4q2G.mdfa,4,MyVector,240,27621532,215158,1205,24175,1074,1111,0,27565
/mnt/hostfs/bakadi/arti2G.xml,/mnt/hostfs/bakadi/arti4q2G.mdfa,4,MyVector,240,27621532,215158,1215,24170,1115,1111,0,27611
/mnt/hostfs/bakadi/arti2G.xml,/mnt/hostfs/bakadi/arti8q2G.mdfa,8,MyVector,240,27621532,430582,1254,24145,943,1111,0,27453
/mnt/hostfs/bakadi/arti2G.xml,/mnt/hostfs/bakadi/arti8q2G.mdfa,8,MyVector,240,27621532,430582,1208,24171,969,1130,0,27478
/mnt/hostfs/bakadi/arti2G.xml,/mnt/hostfs/bakadi/arti8q2G.mdfa,8,MyVector,240,27621532,430582,1204,24182,976,1118,0,27480
/mnt/hostfs/bakadi/arti2G.xml,/mnt/hostfs/bakadi/arti8q2G.mdfa,8,MyVector,240,27621532,430582,1222,25320,982,1126,0,28650
/mnt/hostfs/bakadi/arti2G.xml,/mnt/hostfs/bakadi/arti8q2G.mdfa,8,MyVector,240,27621532,430582,1235,24176,986,1135,0,27532
/mnt/hostfs/bakadi/arti2G.xml,/mnt/hostfs/bakadi/arti8q2G.mdfa,8,MyVector,240,27621532,430582,1242,24175,1015,1124,0,27556
/mnt/hostfs/bakadi/arti2G.xml,/mnt/hostfs/bakadi/arti8q2G.mdfa,8,MyVector,240,27621532,430582,1241,24183,1033,1129,0,27586
/mnt/hostfs/bakadi/arti2G.xml,/mnt/hostfs/bakadi/arti8q2G.mdfa,8,MyVector,240,27621532,430582,1202,24172,1043,1118,0,27535
/mnt/hostfs/bakadi/arti2G.xml,/mnt/hostfs/bakadi/arti8q2G.mdfa,8,MyVector,240,27621532,430582,1218,24175,1056,1109,0,27558
/mnt/hostfs/bakadi/arti2G.xml,/mnt/hostfs/bakadi/arti8q2G.mdfa,8,MyVector,240,27621532,430582,1222,24179,1060,1188,0,27649
/mnt/hostfs/bakadi/arti2G.xml,/mnt/hostfs/bakadi/arti8q2G.mdfa,8,MyVector,240,27621532,430582,1215,24176,1061,1111,0,27563
/mnt/hostfs/bakadi/arti2G.xml,/mnt/hostfs/bakadi/arti8q2G.mdfa,8,MyVector,240,27621532,430582,1226,24171,1070,1111,0,27578
/mnt/hostfs/bakadi/arti2G.xml,/mnt/hostfs/bakadi/arti8q2G.mdfa,8,MyVector,240,27621532,430582,1221,24167,1075,1110,0,27573
/mnt/hostfs/bakadi/arti2G.xml,/mnt/hostfs/bakadi/arti8q2G.mdfa,8,MyVector,240,27621532,430582,1225,24169,1078,1111,0,27583
/mnt/hostfs/bakadi/arti2G.xml,/mnt/hostfs/bakadi/arti8q2G.mdfa,8,MyVector,240,27621532,430582,1219,24170,1108,1109,0,27606
/mnt/hostfs/bakadi/arti2G.xml,/mnt/hostfs/bakadi/arti16q2G.mdfa,16,MyVector,240,27621532,863558,1226,24177,936,1121,0,27460
/mnt/hostfs/bakadi/arti2G.xml,/mnt/hostfs/bakadi/arti16q2G.mdfa,16,MyVector,240,27621532,863558,1183,24179,979,1134,0,27475
/mnt/hostfs/bakadi/arti2G.xml,/mnt/hostfs/bakadi/arti16q2G.mdfa,16,MyVector,240,27621532,863558,1224,24156,986,1134,0,27500
/mnt/hostfs/bakadi/arti2G.xml,/mnt/hostfs/bakadi/arti16q2G.mdfa,16,MyVector,240,27621532,863558,1202,24252,999,1128,0,27581
/mnt/hostfs/bakadi/arti2G.xml,/mnt/hostfs/bakadi/arti16q2G.mdfa,16,MyVector,240,27621532,863558,1208,24170,1035,1227,0,27640
/mnt/hostfs/bakadi/arti2G.xml,/mnt/hostfs/bakadi/arti16q2G.mdfa,16,MyVector,240,27621532,863558,1203,24167,1038,1118,0,27526
/mnt/hostfs/bakadi/arti2G.xml,/mnt/hostfs/bakadi/arti16q2G.mdfa,16,MyVector,240,27621532,863558,1203,24147,1057,1118,0,27525
/mnt/hostfs/bakadi/arti2G.xml,/mnt/hostfs/bakadi/arti16q2G.mdfa,16,MyVector,240,27621532,863558,1216,24177,1060,1260,0,27713
/mnt/hostfs/bakadi/arti2G.xml,/mnt/hostfs/bakadi/arti16q2G.mdfa,16,MyVector,240,27621532,863558,1232,24176,1064,1113,0,27585
/mnt/hostfs/bakadi/arti2G.xml,/mnt/hostfs/bakadi/arti16q2G.mdfa,16,MyVector,240,27621532,863558,1204,24171,1082,1113,0,27570
/mnt/hostfs/bakadi/arti2G.xml,/mnt/hostfs/bakadi/arti16q2G.mdfa,16,MyVector,240,27621532,863558,1245,24176,1091,1113,0,27625
/mnt/hostfs/bakadi/arti2G.xml,/mnt/hostfs/bakadi/arti16q2G.mdfa,16,MyVector,240,27621532,863558,1216,24179,1093,1111,0,27599
/mnt/hostfs/bakadi/arti2G.xml,/mnt/hostfs/bakadi/arti16q2G.mdfa,16,MyVector,240,27621532,863558,1228,24174,1102,1268,0,27772
/mnt/hostfs/bakadi/arti2G.xml,/mnt/hostfs/bakadi/arti16q2G.mdfa,16,MyVector,240,27621532,863558,1218,24172,1110,1281,0,27781
/mnt/hostfs/bakadi/arti2G.xml,/mnt/hostfs/bakadi/arti16q2G.mdfa,16,MyVector,240,27621532,863558,1226,24181,1116,1112,0,27635
/mnt/hostfs/bakadi/arti2G.xml,/mnt/hostfs/bakadi/arti32q2G.mdfa,32,MyVector,240,27621532,1728884,1231,24177,962,1142,0,27512
/mnt/hostfs/bakadi/arti2G.xml,/mnt/hostfs/bakadi/arti32q2G.mdfa,32,MyVector,240,27621532,1728884,1240,24176,1001,1129,0,27546
/mnt/hostfs/bakadi/arti2G.xml,/mnt/hostfs/bakadi/arti32q2G.mdfa,32,MyVector,240,27621532,1728884,1211,24174,1012,1127,0,27524
/mnt/hostfs/bakadi/arti2G.xml,/mnt/hostfs/bakadi/arti32q2G.mdfa,32,MyVector,240,27621532,1728884,1199,24178,1045,1238,0,27660
/mnt/hostfs/bakadi/arti2G.xml,/mnt/hostfs/bakadi/arti32q2G.mdfa,32,MyVector,240,27621532,1728884,1231,24149,1047,1121,0,27548
/mnt/hostfs/bakadi/arti2G.xml,/mnt/hostfs/bakadi/arti32q2G.mdfa,32,MyVector,240,27621532,1728884,1217,24166,1057,1114,0,27554
/mnt/hostfs/bakadi/arti2G.xml,/mnt/hostfs/bakadi/arti32q2G.mdfa,32,MyVector,240,27621532,1728884,1199,24164,1070,1115,0,27548
/mnt/hostfs/bakadi/arti2G.xml,/mnt/hostfs/bakadi/arti32q2G.mdfa,32,MyVector,240,27621532,1728884,1201,24174,1070,1115,0,27560
/mnt/hostfs/bakadi/arti2G.xml,/mnt/hostfs/bakadi/arti32q2G.mdfa,32,MyVector,240,27621532,1728884,1258,24177,1081,1114,0,27630
/mnt/hostfs/bakadi/arti2G.xml,/mnt/hostfs/bakadi/arti32q2G.mdfa,32,MyVector,240,27621532,1728884,1230,24177,1091,1293,0,27791
/mnt/hostfs/bakadi/arti2G.xml,/mnt/hostfs/bakadi/arti32q2G.mdfa,32,MyVector,240,27621532,1728884,1192,24147,1102,1115,0,27556
/mnt/hostfs/bakadi/arti2G.xml,/mnt/hostfs/bakadi/arti32q2G.mdfa,32,MyVector,240,27621532,1728884,1230,24183,1102,1197,0,27712
/mnt/hostfs/bakadi/arti2G.xml,/mnt/hostfs/bakadi/arti32q2G.mdfa,32,MyVector,240,27621532,1728884,1250,24164,1113,1193,0,27720
/mnt/hostfs/bakadi/arti2G.xml,/mnt/hostfs/bakadi/arti32q2G.mdfa,32,MyVector,240,27621532,1728884,1199,24169,1115,1115,0,27598
/mnt/hostfs/bakadi/arti2G.xml,/mnt/hostfs/bakadi/arti32q2G.mdfa,32,MyVector,240,27621532,1728884,1196,24164,1167,1114,0,27641
/mnt/hostfs/bakadi/arti2G.xml,/mnt/hostfs/bakadi/arti60q2G.mdfa,60,MyVector,240,27621532,3244024,1208,24150,1000,1269,0,27627
/mnt/hostfs/bakadi/arti2G.xml,/mnt/hostfs/bakadi/arti60q2G.mdfa,60,MyVector,240,27621532,3244024,1192,24171,1010,1136,0,27509
/mnt/hostfs/bakadi/arti2G.xml,/mnt/hostfs/bakadi/arti60q2G.mdfa,60,MyVector,240,27621532,3244024,1200,24173,1012,1137,0,27522
/mnt/hostfs/bakadi/arti2G.xml,/mnt/hostfs/bakadi/arti60q2G.mdfa,60,MyVector,240,27621532,3244024,1207,24166,1022,1138,0,27533
/mnt/hostfs/bakadi/arti2G.xml,/mnt/hostfs/bakadi/arti60q2G.mdfa,60,MyVector,240,27621532,3244024,1208,24182,1029,1154,0,27573
/mnt/hostfs/bakadi/arti2G.xml,/mnt/hostfs/bakadi/arti60q2G.mdfa,60,MyVector,240,27621532,3244024,1211,24153,1031,1138,0,27533
/mnt/hostfs/bakadi/arti2G.xml,/mnt/hostfs/bakadi/arti60q2G.mdfa,60,MyVector,240,27621532,3244024,1216,24174,1052,1285,0,27727
/mnt/hostfs/bakadi/arti2G.xml,/mnt/hostfs/bakadi/arti60q2G.mdfa,60,MyVector,240,27621532,3244024,1248,24169,1055,1120,0,27592
/mnt/hostfs/bakadi/arti2G.xml,/mnt/hostfs/bakadi/arti60q2G.mdfa,60,MyVector,240,27621532,3244024,1204,24173,1066,1120,0,27563
/mnt/hostfs/bakadi/arti2G.xml,/mnt/hostfs/bakadi/arti60q2G.mdfa,60,MyVector,240,27621532,3244024,1240,24183,1076,1120,0,27619
/mnt/hostfs/bakadi/arti2G.xml,/mnt/hostfs/bakadi/arti60q2G.mdfa,60,MyVector,240,27621532,3244024,1211,24178,1080,1121,0,27590
/mnt/hostfs/bakadi/arti2G.xml,/mnt/hostfs/bakadi/arti60q2G.mdfa,60,MyVector,240,27621532,3244024,1218,24481,1084,1121,0,27904
/mnt/hostfs/bakadi/arti2G.xml,/mnt/hostfs/bakadi/arti60q2G.mdfa,60,MyVector,240,27621532,3244024,1202,24171,1089,1214,0,27676
/mnt/hostfs/bakadi/arti2G.xml,/mnt/hostfs/bakadi/arti60q2G.mdfa,60,MyVector,240,27621532,3244024,1238,24176,1114,1121,0,27649
/mnt/hostfs/bakadi/arti2G.xml,/mnt/hostfs/bakadi/arti60q2G.mdfa,60,MyVector,240,27621532,3244024,1238,24174,1117,1289,0,27818
/mnt/hostfs/bakadi/arti2G.xml,/mnt/hostfs/bakadi/arti120q2G.mdfa,120,MyVector,240,27621532,6483436,1238,24153,1001,1633,0,28025
/mnt/hostfs/bakadi/arti2G.xml,/mnt/hostfs/bakadi/arti120q2G.mdfa,120,MyVector,240,27621532,6483436,1228,24179,1007,1743,0,28157
/mnt/hostfs/bakadi/arti2G.xml,/mnt/hostfs/bakadi/arti120q2G.mdfa,120,MyVector,240,27621532,6483436,1243,24170,1033,1613,0,28059
/mnt/hostfs/bakadi/arti2G.xml,/mnt/hostfs/bakadi/arti120q2G.mdfa,120,MyVector,240,27621532,6483436,1203,24175,1049,1601,0,28028
/mnt/hostfs/bakadi/arti2G.xml,/mnt/hostfs/bakadi/arti120q2G.mdfa,120,MyVector,240,27621532,6483436,1209,24152,1049,1742,0,28152
/mnt/hostfs/bakadi/arti2G.xml,/mnt/hostfs/bakadi/arti120q2G.mdfa,120,MyVector,240,27621532,6483436,1211,24171,1054,1734,0,28170
/mnt/hostfs/bakadi/arti2G.xml,/mnt/hostfs/bakadi/arti120q2G.mdfa,120,MyVector,240,27621532,6483436,1205,24174,1059,1602,0,28040
/mnt/hostfs/bakadi/arti2G.xml,/mnt/hostfs/bakadi/arti120q2G.mdfa,120,MyVector,240,27621532,6483436,1253,24174,1061,1700,0,28188
/mnt/hostfs/bakadi/arti2G.xml,/mnt/hostfs/bakadi/arti120q2G.mdfa,120,MyVector,240,27621532,6483436,1213,24165,1064,1823,0,28265
/mnt/hostfs/bakadi/arti2G.xml,/mnt/hostfs/bakadi/arti120q2G.mdfa,120,MyVector,240,27621532,6483436,1203,24169,1065,1802,0,28239
/mnt/hostfs/bakadi/arti2G.xml,/mnt/hostfs/bakadi/arti120q2G.mdfa,120,MyVector,240,27621532,6483436,1251,24173,1070,1603,0,28097
/mnt/hostfs/bakadi/arti2G.xml,/mnt/hostfs/bakadi/arti120q2G.mdfa,120,MyVector,240,27621532,6483436,1266,24176,1075,1767,0,28284
/mnt/hostfs/bakadi/arti2G.xml,/mnt/hostfs/bakadi/arti120q2G.mdfa,120,MyVector,240,27621532,6483436,1205,24178,1093,1757,0,28233
/mnt/hostfs/bakadi/arti2G.xml,/mnt/hostfs/bakadi/arti120q2G.mdfa,120,MyVector,240,27621532,6483436,1207,24169,1116,1602,0,28094
/mnt/hostfs/bakadi/arti2G.xml,/mnt/hostfs/bakadi/arti120q2G.mdfa,120,MyVector,240,27621532,6483436,1312,24174,1119,1882,0,28487
/mnt/hostfs/bakadi/arti2G.xml,/mnt/hostfs/bakadi/arti180q2G.mdfa,180,MyVector,240,27621532,9719962,1228,24166,962,2335,0,28691
/mnt/hostfs/bakadi/arti2G.xml,/mnt/hostfs/bakadi/arti180q2G.mdfa,180,MyVector,240,27621532,9719962,1246,24175,995,2588,0,29004
/mnt/hostfs/bakadi/arti2G.xml,/mnt/hostfs/bakadi/arti180q2G.mdfa,180,MyVector,240,27621532,9719962,1223,24165,1011,2639,0,29038
/mnt/hostfs/bakadi/arti2G.xml,/mnt/hostfs/bakadi/arti180q2G.mdfa,180,MyVector,240,27621532,9719962,1230,24151,1033,2574,0,28988
/mnt/hostfs/bakadi/arti2G.xml,/mnt/hostfs/bakadi/arti180q2G.mdfa,180,MyVector,240,27621532,9719962,1235,24318,1041,2434,0,29028
/mnt/hostfs/bakadi/arti2G.xml,/mnt/hostfs/bakadi/arti180q2G.mdfa,180,MyVector,240,27621532,9719962,1248,24177,1056,2601,0,29082
/mnt/hostfs/bakadi/arti2G.xml,/mnt/hostfs/bakadi/arti180q2G.mdfa,180,MyVector,240,27621532,9719962,1211,24223,1057,2602,0,29093
/mnt/hostfs/bakadi/arti2G.xml,/mnt/hostfs/bakadi/arti180q2G.mdfa,180,MyVector,240,27621532,9719962,1218,24163,1061,2567,0,29009
/mnt/hostfs/bakadi/arti2G.xml,/mnt/hostfs/bakadi/arti180q2G.mdfa,180,MyVector,240,27621532,9719962,1201,24175,1072,2522,0,28970
/mnt/hostfs/bakadi/arti2G.xml,/mnt/hostfs/bakadi/arti180q2G.mdfa,180,MyVector,240,27621532,9719962,1204,24177,1080,2320,0,28781
/mnt/hostfs/bakadi/arti2G.xml,/mnt/hostfs/bakadi/arti180q2G.mdfa,180,MyVector,240,27621532,9719962,1188,24173,1087,2614,0,29062
/mnt/hostfs/bakadi/arti2G.xml,/mnt/hostfs/bakadi/arti180q2G.mdfa,180,MyVector,240,27621532,9719962,1235,24176,1095,2567,0,29073
/mnt/hostfs/bakadi/arti2G.xml,/mnt/hostfs/bakadi/arti180q2G.mdfa,180,MyVector,240,27621532,9719962,1236,24146,1105,2586,0,29073
/mnt/hostfs/bakadi/arti2G.xml,/mnt/hostfs/bakadi/arti180q2G.mdfa,180,MyVector,240,27621532,9719962,1238,24175,1119,2615,0,29147
/mnt/hostfs/bakadi/arti2G.xml,/mnt/hostfs/bakadi/arti180q2G.mdfa,180,MyVector,240,27621532,9719962,1208,24173,1122,2642,0,29145
/mnt/hostfs/bakadi/arti2G.xml,/mnt/hostfs/bakadi/arti240q2G.mdfa,240,MyVector,240,27621532,12960926,1227,24178,953,3605,0,29963
/mnt/hostfs/bakadi/arti2G.xml,/mnt/hostfs/bakadi/arti240q2G.mdfa,240,MyVector,240,27621532,12960926,1233,24179,979,3608,0,29999
/mnt/hostfs/bakadi/arti2G.xml,/mnt/hostfs/bakadi/arti240q2G.mdfa,240,MyVector,240,27621532,12960926,1223,24182,1011,3656,0,30072
/mnt/hostfs/bakadi/arti2G.xml,/mnt/hostfs/bakadi/arti240q2G.mdfa,240,MyVector,240,27621532,12960926,1181,24176,1018,3600,0,29975
/mnt/hostfs/bakadi/arti2G.xml,/mnt/hostfs/bakadi/arti240q2G.mdfa,240,MyVector,240,27621532,12960926,1196,24174,1038,3590,0,29998
/mnt/hostfs/bakadi/arti2G.xml,/mnt/hostfs/bakadi/arti240q2G.mdfa,240,MyVector,240,27621532,12960926,1244,24389,1046,3648,0,30327
/mnt/hostfs/bakadi/arti2G.xml,/mnt/hostfs/bakadi/arti240q2G.mdfa,240,MyVector,240,27621532,12960926,1214,24185,1060,3716,0,30175
/mnt/hostfs/bakadi/arti2G.xml,/mnt/hostfs/bakadi/arti240q2G.mdfa,240,MyVector,240,27621532,12960926,1217,24180,1064,3661,0,30122
/mnt/hostfs/bakadi/arti2G.xml,/mnt/hostfs/bakadi/arti240q2G.mdfa,240,MyVector,240,27621532,12960926,1220,24177,1076,3649,0,30122
/mnt/hostfs/bakadi/arti2G.xml,/mnt/hostfs/bakadi/arti240q2G.mdfa,240,MyVector,240,27621532,12960926,1209,24171,1087,3601,0,30068
/mnt/hostfs/bakadi/arti2G.xml,/mnt/hostfs/bakadi/arti240q2G.mdfa,240,MyVector,240,27621532,12960926,1230,24151,1110,3695,0,30186
/mnt/hostfs/bakadi/arti2G.xml,/mnt/hostfs/bakadi/arti240q2G.mdfa,240,MyVector,240,27621532,12960926,1210,24177,1110,3716,0,30213
/mnt/hostfs/bakadi/arti2G.xml,/mnt/hostfs/bakadi/arti240q2G.mdfa,240,MyVector,240,27621532,12960926,1173,24173,1111,3618,0,30075
/mnt/hostfs/bakadi/arti2G.xml,/mnt/hostfs/bakadi/arti240q2G.mdfa,240,MyVector,240,27621532,12960926,1202,24176,1114,3621,0,30113
/mnt/hostfs/bakadi/arti2G.xml,/mnt/hostfs/bakadi/arti240q2G.mdfa,240,MyVector,240,27621532,12960926,1316,24175,1134,3613,0,30238
/mnt/hostfs/bakadi/test2G.xml,/mnt/hostfs/bakadi/test1q2G.mdfa,1,MyVector,240,61113928,91224,1217,24689,1663,2527,0,30096
/mnt/hostfs/bakadi/test2G.xml,/mnt/hostfs/bakadi/test1q2G.mdfa,1,MyVector,240,61113928,91224,1257,24698,1731,2525,0,30211
/mnt/hostfs/bakadi/test2G.xml,/mnt/hostfs/bakadi/test1q2G.mdfa,1,MyVector,240,61113928,91224,1214,24698,1734,2527,0,30173
/mnt/hostfs/bakadi/test2G.xml,/mnt/hostfs/bakadi/test1q2G.mdfa,1,MyVector,240,61113928,91224,1226,24693,1747,2526,0,30192
/mnt/hostfs/bakadi/test2G.xml,/mnt/hostfs/bakadi/test1q2G.mdfa,1,MyVector,240,61113928,91224,1266,24703,1756,2525,0,30250
/mnt/hostfs/bakadi/test2G.xml,/mnt/hostfs/bakadi/test1q2G.mdfa,1,MyVector,240,61113928,91224,1216,24687,1756,2527,0,30186
/mnt/hostfs/bakadi/test2G.xml,/mnt/hostfs/bakadi/test1q2G.mdfa,1,MyVector,240,61113928,91224,1253,24692,1757,2525,0,30227
/mnt/hostfs/bakadi/test2G.xml,/mnt/hostfs/bakadi/test1q2G.mdfa,1,MyVector,240,61113928,91224,1216,24705,1757,2527,0,30205
/mnt/hostfs/bakadi/test2G.xml,/mnt/hostfs/bakadi/test1q2G.mdfa,1,MyVector,240,61113928,91224,1245,24672,1785,2529,0,30231
/mnt/hostfs/bakadi/test2G.xml,/mnt/hostfs/bakadi/test1q2G.mdfa,1,MyVector,240,61113928,91224,1243,24693,1824,2525,0,30285
/mnt/hostfs/bakadi/test2G.xml,/mnt/hostfs/bakadi/test1q2G.mdfa,1,MyVector,240,61113928,91224,1224,24665,1826,2525,0,30240
/mnt/hostfs/bakadi/test2G.xml,/mnt/hostfs/bakadi/test1q2G.mdfa,1,MyVector,240,61113928,91224,1233,24696,1834,2526,0,30289
/mnt/hostfs/bakadi/test2G.xml,/mnt/hostfs/bakadi/test1q2G.mdfa,1,MyVector,240,61113928,91224,1216,24696,1841,2526,0,30279
/mnt/hostfs/bakadi/test2G.xml,/mnt/hostfs/bakadi/test1q2G.mdfa,1,MyVector,240,61113928,91224,1245,24691,1851,2525,0,30312
/mnt/hostfs/bakadi/test2G.xml,/mnt/hostfs/bakadi/test1q2G.mdfa,1,MyVector,240,61113928,91224,1215,24690,1862,2525,0,30292
/mnt/hostfs/bakadi/test2G.xml,/mnt/hostfs/bakadi/test2q2G.mdfa,2,MyVector,240,61113928,91224,1224,24707,1714,2525,0,30170
/mnt/hostfs/bakadi/test2G.xml,/mnt/hostfs/bakadi/test2q2G.mdfa,2,MyVector,240,61113928,91224,1258,24712,1714,2527,0,30211
/mnt/hostfs/bakadi/test2G.xml,/mnt/hostfs/bakadi/test2q2G.mdfa,2,MyVector,240,61113928,91224,1222,24712,1721,2522,0,30177
/mnt/hostfs/bakadi/test2G.xml,/mnt/hostfs/bakadi/test2q2G.mdfa,2,MyVector,240,61113928,91224,1259,24686,1740,2525,0,30210
/mnt/hostfs/bakadi/test2G.xml,/mnt/hostfs/bakadi/test2q2G.mdfa,2,MyVector,240,61113928,91224,1261,24709,1741,2525,0,30236
/mnt/hostfs/bakadi/test2G.xml,/mnt/hostfs/bakadi/test2q2G.mdfa,2,MyVector,240,61113928,91224,1213,24709,1757,2523,0,30202
/mnt/hostfs/bakadi/test2G.xml,/mnt/hostfs/bakadi/test2q2G.mdfa,2,MyVector,240,61113928,91224,1234,24704,1760,2523,0,30221
/mnt/hostfs/bakadi/test2G.xml,/mnt/hostfs/bakadi/test2q2G.mdfa,2,MyVector,240,61113928,91224,1224,24710,1800,2523,0,30257
/mnt/hostfs/bakadi/test2G.xml,/mnt/hostfs/bakadi/test2q2G.mdfa,2,MyVector,240,61113928,91224,1242,24686,1813,2524,0,30265
/mnt/hostfs/bakadi/test2G.xml,/mnt/hostfs/bakadi/test2q2G.mdfa,2,MyVector,240,61113928,91224,1208,24713,1823,2525,0,30269
/mnt/hostfs/bakadi/test2G.xml,/mnt/hostfs/bakadi/test2q2G.mdfa,2,MyVector,240,61113928,91224,1262,24710,1825,2525,0,30322
/mnt/hostfs/bakadi/test2G.xml,/mnt/hostfs/bakadi/test2q2G.mdfa,2,MyVector,240,61113928,91224,1250,24710,1892,2522,0,30374
/mnt/hostfs/bakadi/test2G.xml,/mnt/hostfs/bakadi/test2q2G.mdfa,2,MyVector,240,61113928,91224,1212,24714,1924,2522,0,30372
/mnt/hostfs/bakadi/test2G.xml,/mnt/hostfs/bakadi/test2q2G.mdfa,2,MyVector,240,61113928,91224,1279,24708,1934,2525,0,30446
/mnt/hostfs/bakadi/test2G.xml,/mnt/hostfs/bakadi/test2q2G.mdfa,2,MyVector,240,61113928,91224,1260,24714,1952,2704,0,30630
/mnt/hostfs/bakadi/test2G.xml,/mnt/hostfs/bakadi/test4q2G.mdfa,4,MyVector,240,61113928,108630,1252,24716,1741,2524,0,30233
/mnt/hostfs/bakadi/test2G.xml,/mnt/hostfs/bakadi/test4q2G.mdfa,4,MyVector,240,61113928,108630,1221,24697,1747,2526,0,30191
/mnt/hostfs/bakadi/test2G.xml,/mnt/hostfs/bakadi/test4q2G.mdfa,4,MyVector,240,61113928,108630,1263,24687,1748,2524,0,30222
/mnt/hostfs/bakadi/test2G.xml,/mnt/hostfs/bakadi/test4q2G.mdfa,4,MyVector,240,61113928,108630,1249,24707,1764,2525,0,30245
/mnt/hostfs/bakadi/test2G.xml,/mnt/hostfs/bakadi/test4q2G.mdfa,4,MyVector,240,61113928,108630,1230,24709,1767,2847,0,30553
/mnt/hostfs/bakadi/test2G.xml,/mnt/hostfs/bakadi/test4q2G.mdfa,4,MyVector,240,61113928,108630,1247,24706,1772,2523,0,30248
/mnt/hostfs/bakadi/test2G.xml,/mnt/hostfs/bakadi/test4q2G.mdfa,4,MyVector,240,61113928,108630,1246,24686,1781,2621,0,30334
/mnt/hostfs/bakadi/test2G.xml,/mnt/hostfs/bakadi/test4q2G.mdfa,4,MyVector,240,61113928,108630,1227,24716,1797,2523,0,30263
/mnt/hostfs/bakadi/test2G.xml,/mnt/hostfs/bakadi/test4q2G.mdfa,4,MyVector,240,61113928,108630,1265,24709,1839,2523,0,30336
/mnt/hostfs/bakadi/test2G.xml,/mnt/hostfs/bakadi/test4q2G.mdfa,4,MyVector,240,61113928,108630,1263,24709,1840,2522,0,30334
/mnt/hostfs/bakadi/test2G.xml,/mnt/hostfs/bakadi/test4q2G.mdfa,4,MyVector,240,61113928,108630,1251,24704,1848,2524,0,30327
/mnt/hostfs/bakadi/test2G.xml,/mnt/hostfs/bakadi/test4q2G.mdfa,4,MyVector,240,61113928,108630,1224,24713,1856,2524,0,30317
/mnt/hostfs/bakadi/test2G.xml,/mnt/hostfs/bakadi/test4q2G.mdfa,4,MyVector,240,61113928,108630,1228,24710,1857,2524,0,30319
/mnt/hostfs/bakadi/test2G.xml,/mnt/hostfs/bakadi/test4q2G.mdfa,4,MyVector,240,61113928,108630,1208,24710,1865,2823,0,30606
/mnt/hostfs/bakadi/test2G.xml,/mnt/hostfs/bakadi/test4q2G.mdfa,4,MyVector,240,61113928,108630,1214,24704,1935,2522,0,30375
/mnt/hostfs/bakadi/test2G.xml,/mnt/hostfs/bakadi/test8q2G.mdfa,8,MyVector,240,61113928,214934,1221,24712,1857,2527,0,30317
/mnt/hostfs/bakadi/test2G.xml,/mnt/hostfs/bakadi/test8q2G.mdfa,8,MyVector,240,61113928,214934,1237,24708,1895,2525,0,30365
/mnt/hostfs/bakadi/test2G.xml,/mnt/hostfs/bakadi/test8q2G.mdfa,8,MyVector,240,61113928,214934,1236,24683,1926,2524,0,30369
/mnt/hostfs/bakadi/test2G.xml,/mnt/hostfs/bakadi/test8q2G.mdfa,8,MyVector,240,61113928,214934,1246,24686,1928,2524,0,30384
/mnt/hostfs/bakadi/test2G.xml,/mnt/hostfs/bakadi/test8q2G.mdfa,8,MyVector,240,61113928,214934,1229,24712,1948,2523,0,30412
/mnt/hostfs/bakadi/test2G.xml,/mnt/hostfs/bakadi/test8q2G.mdfa,8,MyVector,240,61113928,214934,1222,24707,1948,2526,0,30403
/mnt/hostfs/bakadi/test2G.xml,/mnt/hostfs/bakadi/test8q2G.mdfa,8,MyVector,240,61113928,214934,1240,24712,1957,2524,0,30433
/mnt/hostfs/bakadi/test2G.xml,/mnt/hostfs/bakadi/test8q2G.mdfa,8,MyVector,240,61113928,214934,1261,25041,1973,2523,0,30798
/mnt/hostfs/bakadi/test2G.xml,/mnt/hostfs/bakadi/test8q2G.mdfa,8,MyVector,240,61113928,214934,1261,24706,1974,2570,0,30511
/mnt/hostfs/bakadi/test2G.xml,/mnt/hostfs/bakadi/test8q2G.mdfa,8,MyVector,240,61113928,214934,1218,24717,1980,2524,0,30439
/mnt/hostfs/bakadi/test2G.xml,/mnt/hostfs/bakadi/test8q2G.mdfa,8,MyVector,240,61113928,214934,1223,24719,1982,2525,0,30449
/mnt/hostfs/bakadi/test2G.xml,/mnt/hostfs/bakadi/test8q2G.mdfa,8,MyVector,240,61113928,214934,1223,24708,2009,2851,0,30791
/mnt/hostfs/bakadi/test2G.xml,/mnt/hostfs/bakadi/test8q2G.mdfa,8,MyVector,240,61113928,214934,1221,24711,2010,2521,0,30463
/mnt/hostfs/bakadi/test2G.xml,/mnt/hostfs/bakadi/test8q2G.mdfa,8,MyVector,240,61113928,214934,1245,24705,2053,2525,0,30528
/mnt/hostfs/bakadi/test2G.xml,/mnt/hostfs/bakadi/test8q2G.mdfa,8,MyVector,240,61113928,214934,1225,24708,2096,2742,0,30771
/mnt/hostfs/bakadi/test2G.xml,/mnt/hostfs/bakadi/test16q2G.mdfa,16,MyVector,240,61113928,688336,1231,24719,1738,2532,0,30220
/mnt/hostfs/bakadi/test2G.xml,/mnt/hostfs/bakadi/test16q2G.mdfa,16,MyVector,240,61113928,688336,1263,24682,1773,2531,0,30249
/mnt/hostfs/bakadi/test2G.xml,/mnt/hostfs/bakadi/test16q2G.mdfa,16,MyVector,240,61113928,688336,1210,24708,1799,2531,0,30248
/mnt/hostfs/bakadi/test2G.xml,/mnt/hostfs/bakadi/test16q2G.mdfa,16,MyVector,240,61113928,688336,1218,24708,1806,2531,0,30263
/mnt/hostfs/bakadi/test2G.xml,/mnt/hostfs/bakadi/test16q2G.mdfa,16,MyVector,240,61113928,688336,1226,24692,1818,2533,0,30269
/mnt/hostfs/bakadi/test2G.xml,/mnt/hostfs/bakadi/test16q2G.mdfa,16,MyVector,240,61113928,688336,1222,24716,1851,2674,0,30463
/mnt/hostfs/bakadi/test2G.xml,/mnt/hostfs/bakadi/test16q2G.mdfa,16,MyVector,240,61113928,688336,1237,24704,1851,2692,0,30484
/mnt/hostfs/bakadi/test2G.xml,/mnt/hostfs/bakadi/test16q2G.mdfa,16,MyVector,240,61113928,688336,1184,24717,1895,2532,0,30328
/mnt/hostfs/bakadi/test2G.xml,/mnt/hostfs/bakadi/test16q2G.mdfa,16,MyVector,240,61113928,688336,1225,24684,1913,2529,0,30351
/mnt/hostfs/bakadi/test2G.xml,/mnt/hostfs/bakadi/test16q2G.mdfa,16,MyVector,240,61113928,688336,1241,24703,1927,2531,0,30402
/mnt/hostfs/bakadi/test2G.xml,/mnt/hostfs/bakadi/test16q2G.mdfa,16,MyVector,240,61113928,688336,1242,24705,1936,2531,0,30414
/mnt/hostfs/bakadi/test2G.xml,/mnt/hostfs/bakadi/test16q2G.mdfa,16,MyVector,240,61113928,688336,1218,24712,1946,2531,0,30407
/mnt/hostfs/bakadi/test2G.xml,/mnt/hostfs/bakadi/test16q2G.mdfa,16,MyVector,240,61113928,688336,1224,24711,1964,2531,0,30430
/mnt/hostfs/bakadi/test2G.xml,/mnt/hostfs/bakadi/test16q2G.mdfa,16,MyVector,240,61113928,688336,1229,24706,1967,2532,0,30434
/mnt/hostfs/bakadi/test2G.xml,/mnt/hostfs/bakadi/test16q2G.mdfa,16,MyVector,240,61113928,688336,1224,24717,1997,2530,0,30468
/mnt/hostfs/bakadi/test2G.xml,/mnt/hostfs/bakadi/test32q2G.mdfa,32,MyVector,240,61113928,1167678,1241,24713,1690,2715,0,30359
/mnt/hostfs/bakadi/test2G.xml,/mnt/hostfs/bakadi/test32q2G.mdfa,32,MyVector,240,61113928,1167678,1244,24711,1755,2673,0,30383
/mnt/hostfs/bakadi/test2G.xml,/mnt/hostfs/bakadi/test32q2G.mdfa,32,MyVector,240,61113928,1167678,1266,24686,1802,2533,0,30287
/mnt/hostfs/bakadi/test2G.xml,/mnt/hostfs/bakadi/test32q2G.mdfa,32,MyVector,240,61113928,1167678,1220,24709,1820,2533,0,30282
/mnt/hostfs/bakadi/test2G.xml,/mnt/hostfs/bakadi/test32q2G.mdfa,32,MyVector,240,61113928,1167678,1215,24706,1821,2535,0,30277
/mnt/hostfs/bakadi/test2G.xml,/mnt/hostfs/bakadi/test32q2G.mdfa,32,MyVector,240,61113928,1167678,1244,24709,1841,2533,0,30327
/mnt/hostfs/bakadi/test2G.xml,/mnt/hostfs/bakadi/test32q2G.mdfa,32,MyVector,240,61113928,1167678,1215,24711,1851,2534,0,30311
/mnt/hostfs/bakadi/test2G.xml,/mnt/hostfs/bakadi/test32q2G.mdfa,32,MyVector,240,61113928,1167678,1229,24708,1855,2535,0,30327
/mnt/hostfs/bakadi/test2G.xml,/mnt/hostfs/bakadi/test32q2G.mdfa,32,MyVector,240,61113928,1167678,1232,24713,1864,2533,0,30342
/mnt/hostfs/bakadi/test2G.xml,/mnt/hostfs/bakadi/test32q2G.mdfa,32,MyVector,240,61113928,1167678,1252,24706,1881,2533,0,30372
/mnt/hostfs/bakadi/test2G.xml,/mnt/hostfs/bakadi/test32q2G.mdfa,32,MyVector,240,61113928,1167678,1238,24715,1894,2536,0,30383
/mnt/hostfs/bakadi/test2G.xml,/mnt/hostfs/bakadi/test32q2G.mdfa,32,MyVector,240,61113928,1167678,1264,24687,1989,2533,0,30473
/mnt/hostfs/bakadi/test2G.xml,/mnt/hostfs/bakadi/test32q2G.mdfa,32,MyVector,240,61113928,1167678,1212,24716,2011,2892,0,30831
/mnt/hostfs/bakadi/test2G.xml,/mnt/hostfs/bakadi/test32q2G.mdfa,32,MyVector,240,61113928,1167678,1229,24716,2031,2728,0,30704
/mnt/hostfs/bakadi/test2G.xml,/mnt/hostfs/bakadi/test32q2G.mdfa,32,MyVector,240,61113928,1167678,1269,24711,2034,2534,0,30548
/mnt/hostfs/bakadi/test2G.xml,/mnt/hostfs/bakadi/test60q2G.mdfa,60,MyVector,240,61113928,4057924,1245,24706,1744,2919,0,30614
/mnt/hostfs/bakadi/test2G.xml,/mnt/hostfs/bakadi/test60q2G.mdfa,60,MyVector,240,61113928,4057924,1264,24707,1779,2653,0,30403
/mnt/hostfs/bakadi/test2G.xml,/mnt/hostfs/bakadi/test60q2G.mdfa,60,MyVector,240,61113928,4057924,1266,24712,1782,2914,0,30674
/mnt/hostfs/bakadi/test2G.xml,/mnt/hostfs/bakadi/test60q2G.mdfa,60,MyVector,240,61113928,4057924,1219,24715,1795,2653,0,30382
/mnt/hostfs/bakadi/test2G.xml,/mnt/hostfs/bakadi/test60q2G.mdfa,60,MyVector,240,61113928,4057924,1253,25910,1818,2918,0,31899
/mnt/hostfs/bakadi/test2G.xml,/mnt/hostfs/bakadi/test60q2G.mdfa,60,MyVector,240,61113928,4057924,1270,24708,1824,2846,0,30648
/mnt/hostfs/bakadi/test2G.xml,/mnt/hostfs/bakadi/test60q2G.mdfa,60,MyVector,240,61113928,4057924,1242,24685,1832,2851,0,30610
/mnt/hostfs/bakadi/test2G.xml,/mnt/hostfs/bakadi/test60q2G.mdfa,60,MyVector,240,61113928,4057924,1229,24707,1845,2878,0,30659
/mnt/hostfs/bakadi/test2G.xml,/mnt/hostfs/bakadi/test60q2G.mdfa,60,MyVector,240,61113928,4057924,1240,24706,1860,2872,0,30678
/mnt/hostfs/bakadi/test2G.xml,/mnt/hostfs/bakadi/test60q2G.mdfa,60,MyVector,240,61113928,4057924,1266,24713,1886,2843,0,30708
/mnt/hostfs/bakadi/test2G.xml,/mnt/hostfs/bakadi/test60q2G.mdfa,60,MyVector,240,61113928,4057924,1250,24710,1902,2753,0,30615
/mnt/hostfs/bakadi/test2G.xml,/mnt/hostfs/bakadi/test60q2G.mdfa,60,MyVector,240,61113928,4057924,1227,24685,1948,2851,0,30711
/mnt/hostfs/bakadi/test2G.xml,/mnt/hostfs/bakadi/test60q2G.mdfa,60,MyVector,240,61113928,4057924,1213,24712,1956,2881,0,30762
/mnt/hostfs/bakadi/test2G.xml,/mnt/hostfs/bakadi/test60q2G.mdfa,60,MyVector,240,61113928,4057924,1244,24692,1962,2652,0,30550
/mnt/hostfs/bakadi/test2G.xml,/mnt/hostfs/bakadi/test60q2G.mdfa,60,MyVector,240,61113928,4057924,1240,24715,1967,2873,0,30795
/mnt/hostfs/bakadi/test2G.xml,/mnt/hostfs/bakadi/test120q2G.mdfa,120,MyVector,240,61113928,9174416,1274,24710,1792,4148,0,31924
/mnt/hostfs/bakadi/test2G.xml,/mnt/hostfs/bakadi/test120q2G.mdfa,120,MyVector,240,61113928,9174416,1241,24716,1825,4083,0,31865
/mnt/hostfs/bakadi/test2G.xml,/mnt/hostfs/bakadi/test120q2G.mdfa,120,MyVector,240,61113928,9174416,1201,24714,1830,3722,0,31467
/mnt/hostfs/bakadi/test2G.xml,/mnt/hostfs/bakadi/test120q2G.mdfa,120,MyVector,240,61113928,9174416,1264,24711,1831,3708,0,31514
/mnt/hostfs/bakadi/test2G.xml,/mnt/hostfs/bakadi/test120q2G.mdfa,120,MyVector,240,61113928,9174416,1240,24712,1834,3709,0,31495
/mnt/hostfs/bakadi/test2G.xml,/mnt/hostfs/bakadi/test120q2G.mdfa,120,MyVector,240,61113928,9174416,1205,24681,1847,3970,0,31703
/mnt/hostfs/bakadi/test2G.xml,/mnt/hostfs/bakadi/test120q2G.mdfa,120,MyVector,240,61113928,9174416,1226,24711,1852,4130,0,31919
/mnt/hostfs/bakadi/test2G.xml,/mnt/hostfs/bakadi/test120q2G.mdfa,120,MyVector,240,61113928,9174416,1201,24711,1867,4224,0,32003
/mnt/hostfs/bakadi/test2G.xml,/mnt/hostfs/bakadi/test120q2G.mdfa,120,MyVector,240,61113928,9174416,1266,24687,1910,4061,0,31924
/mnt/hostfs/bakadi/test2G.xml,/mnt/hostfs/bakadi/test120q2G.mdfa,120,MyVector,240,61113928,9174416,1223,24707,1922,3709,0,31561
/mnt/hostfs/bakadi/test2G.xml,/mnt/hostfs/bakadi/test120q2G.mdfa,120,MyVector,240,61113928,9174416,1235,24705,1985,4062,0,31987
/mnt/hostfs/bakadi/test2G.xml,/mnt/hostfs/bakadi/test120q2G.mdfa,120,MyVector,240,61113928,9174416,1266,26110,1994,3709,0,33079
/mnt/hostfs/bakadi/test2G.xml,/mnt/hostfs/bakadi/test120q2G.mdfa,120,MyVector,240,61113928,9174416,1255,24716,2008,3708,0,31687
/mnt/hostfs/bakadi/test2G.xml,/mnt/hostfs/bakadi/test120q2G.mdfa,120,MyVector,240,61113928,9174416,1238,24692,2022,4126,0,32078
/mnt/hostfs/bakadi/test2G.xml,/mnt/hostfs/bakadi/test120q2G.mdfa,120,MyVector,240,61113928,9174416,1219,24714,2034,4187,0,32154
/mnt/hostfs/bakadi/test2G.xml,/mnt/hostfs/bakadi/test180q2G.mdfa,180,MyVector,240,61113928,12894116,1232,24687,1808,5830,0,33557
/mnt/hostfs/bakadi/test2G.xml,/mnt/hostfs/bakadi/test180q2G.mdfa,180,MyVector,240,61113928,12894116,1250,24713,1808,5865,0,33636
/mnt/hostfs/bakadi/test2G.xml,/mnt/hostfs/bakadi/test180q2G.mdfa,180,MyVector,240,61113928,12894116,1229,24682,1828,5662,0,33401
/mnt/hostfs/bakadi/test2G.xml,/mnt/hostfs/bakadi/test180q2G.mdfa,180,MyVector,240,61113928,12894116,1250,24706,1831,5594,0,33381
/mnt/hostfs/bakadi/test2G.xml,/mnt/hostfs/bakadi/test180q2G.mdfa,180,MyVector,240,61113928,12894116,1234,24705,1841,5659,0,33439
/mnt/hostfs/bakadi/test2G.xml,/mnt/hostfs/bakadi/test180q2G.mdfa,180,MyVector,240,61113928,12894116,1254,24694,1870,5252,0,33070
/mnt/hostfs/bakadi/test2G.xml,/mnt/hostfs/bakadi/test180q2G.mdfa,180,MyVector,240,61113928,12894116,1221,24708,1882,5677,0,33488
/mnt/hostfs/bakadi/test2G.xml,/mnt/hostfs/bakadi/test180q2G.mdfa,180,MyVector,240,61113928,12894116,1213,24714,1907,5700,0,33534
/mnt/hostfs/bakadi/test2G.xml,/mnt/hostfs/bakadi/test180q2G.mdfa,180,MyVector,240,61113928,12894116,1216,24704,1915,5381,0,33216
/mnt/hostfs/bakadi/test2G.xml,/mnt/hostfs/bakadi/test180q2G.mdfa,180,MyVector,240,61113928,12894116,1246,24710,1932,5713,0,33601
/mnt/hostfs/bakadi/test2G.xml,/mnt/hostfs/bakadi/test180q2G.mdfa,180,MyVector,240,61113928,12894116,1200,24704,1954,5219,0,33077
/mnt/hostfs/bakadi/test2G.xml,/mnt/hostfs/bakadi/test180q2G.mdfa,180,MyVector,240,61113928,12894116,1226,24723,1977,5888,0,33814
/mnt/hostfs/bakadi/test2G.xml,/mnt/hostfs/bakadi/test180q2G.mdfa,180,MyVector,240,61113928,12894116,1247,24707,1988,5680,0,33622
/mnt/hostfs/bakadi/test2G.xml,/mnt/hostfs/bakadi/test180q2G.mdfa,180,MyVector,240,61113928,12894116,1194,24708,2025,5212,0,33139
/mnt/hostfs/bakadi/test2G.xml,/mnt/hostfs/bakadi/test180q2G.mdfa,180,MyVector,240,61113928,12894116,1242,24715,2074,5817,0,33848
/mnt/hostfs/bakadi/test2G.xml,/mnt/hostfs/bakadi/test240q2G.mdfa,240,MyVector,240,61113928,17360894,1198,24719,1861,7586,0,35364
/mnt/hostfs/bakadi/test2G.xml,/mnt/hostfs/bakadi/test240q2G.mdfa,240,MyVector,240,61113928,17360894,1243,24716,1907,7572,0,35438
/mnt/hostfs/bakadi/test2G.xml,/mnt/hostfs/bakadi/test240q2G.mdfa,240,MyVector,240,61113928,17360894,1257,24794,1922,8045,0,36018
/mnt/hostfs/bakadi/test2G.xml,/mnt/hostfs/bakadi/test240q2G.mdfa,240,MyVector,240,61113928,17360894,1266,24716,1943,8032,0,35957
/mnt/hostfs/bakadi/test2G.xml,/mnt/hostfs/bakadi/test240q2G.mdfa,240,MyVector,240,61113928,17360894,1241,24724,1983,7854,0,35802
/mnt/hostfs/bakadi/test2G.xml,/mnt/hostfs/bakadi/test240q2G.mdfa,240,MyVector,240,61113928,17360894,1248,24692,2004,7655,0,35599
/mnt/hostfs/bakadi/test2G.xml,/mnt/hostfs/bakadi/test240q2G.mdfa,240,MyVector,240,61113928,17360894,1224,24719,2005,8610,0,36558
/mnt/hostfs/bakadi/test2G.xml,/mnt/hostfs/bakadi/test240q2G.mdfa,240,MyVector,240,61113928,17360894,1211,24715,2012,8049,0,35987
/mnt/hostfs/bakadi/test2G.xml,/mnt/hostfs/bakadi/test240q2G.mdfa,240,MyVector,240,61113928,17360894,1207,24685,2019,7681,0,35592
/mnt/hostfs/bakadi/test2G.xml,/mnt/hostfs/bakadi/test240q2G.mdfa,240,MyVector,240,61113928,17360894,1216,24712,2019,7939,0,35886
/mnt/hostfs/bakadi/test2G.xml,/mnt/hostfs/bakadi/test240q2G.mdfa,240,MyVector,240,61113928,17360894,1254,24721,2025,8045,0,36045
/mnt/hostfs/bakadi/test2G.xml,/mnt/hostfs/bakadi/test240q2G.mdfa,240,MyVector,240,61113928,17360894,1185,24707,2064,8212,0,36168
/mnt/hostfs/bakadi/test2G.xml,/mnt/hostfs/bakadi/test240q2G.mdfa,240,MyVector,240,61113928,17360894,1226,24718,2068,7817,0,35829
/mnt/hostfs/bakadi/test2G.xml,/mnt/hostfs/bakadi/test240q2G.mdfa,240,MyVector,240,61113928,17360894,1229,24689,2075,7650,0,35643
/mnt/hostfs/bakadi/test2G.xml,/mnt/hostfs/bakadi/test240q2G.mdfa,240,MyVector,240,61113928,17360894,1271,24723,2125,8574,0,36693
